screen_name,tweet_id,created_at,text,retweet_count,favorite_count,in_reply_to_status_id_str,in_reply_to_screen_name,in_reply_to_user_id_str
Jkylebass,1264196344396353536,2020-05-23 14:07:50,US Department of Education sends letter to Congress with findings of China‚Äôs collegiate ‚Äúindoctrination program‚Äù. C‚Ä¶ https://t.co/SvHpiagVMu,1207,2294,,,
Jkylebass,1264194100301004800,2020-05-23 13:58:55,"Thank you for the discussion @jchatterleyCNN . May 22, 2020 will go down in history as the end of HK‚Äôs independence‚Ä¶ https://t.co/PoIBUF40yb",606,1370,,,
Jkylebass,1263431874384474114,2020-05-21 11:30:06,Ha. Damn right. China‚Äôs foreign ministry is blatantly interfering in HK‚Äôs internal affairs. I think @Reuters got lo‚Ä¶ https://t.co/7Q5gyp7dcT,304,919,,,
Jkylebass,1263100717507715072,2020-05-20 13:34:12,My opinion piece for Newsweek on how the Chinese Communist Party‚Äôs belligerence will forever change Hong Kong üá≠üá∞ an‚Ä¶ https://t.co/0dQ4d11FK7,1813,3347,,,
muglikar_,1264470990404431872,2020-05-24 08:19:11,ü§£ https://t.co/XkqcRkIIVg,8,119,,,
muglikar_,1264470674971807744,2020-05-24 08:17:56,RT @AmitaApte: Thanks @muglikar_ for sharing my article. üòä,3,0,,,
muglikar_,1264463148062564353,2020-05-24 07:48:01,Think global and produce local- New Mantra for New India: https://t.co/PiDGIfgXf9,24,76,,,
ray_slowbeat,1264581092155113472,2020-05-24 15:36:41,RT @badiucao: New art on Today‚Äòs protest #HongKong. The first major fight since #covid19 &amp; announcement of HongKong national security law w‚Ä¶,459,0,,,
ray_slowbeat,1264552964275834880,2020-05-24 13:44:55,RT @jolovanwham: Investigation at Tanglin Police Division is over. I'd like to thank my friends who took the trouble to wait with me. Big l‚Ä¶,23,0,,,
ray_slowbeat,1264552041075990530,2020-05-24 13:41:15,RT @rachel_cheung1: Blood stains left on the floor where a protester was hit by pepper ball and arrested by police. According to Stand News‚Ä¶,625,0,,,
ray_slowbeat,1264541776792006657,2020-05-24 13:00:28,RT @ChuHoiDick: You can't stop a dictator with words. Actions are needed.,910,0,,,
ray_slowbeat,1264523854027747328,2020-05-24 11:49:15,"May glory be to thee, #HongKong! Call us terrorists, whatever you want, after the #WuhanVirus outbreak, #China has‚Ä¶ https://t.co/mVFKNCdki3",1241,1976,,,
ray_slowbeat,1264522367276953600,2020-05-24 11:43:20,"RT @ChuHoiDick: HK's ""one country two system"" was treated as a model by CCP to lure #Taiwan into unification. Now that Beijing decided to d‚Ä¶",653,0,,,
ray_slowbeat,1264520995135610881,2020-05-24 11:37:53,RT @nathanlawkc: This is a peaceful rally. The sole purpose of the crowd is to demonstrate how angry people are towards the National Securi‚Ä¶,4610,0,,,
ray_slowbeat,1264520561549389824,2020-05-24 11:36:10,RT @ezracheungtoto: ‚ÄúA whole new experience‚Äù #HongKongProtests #antiELAB H/T: @YuxuanMichael https://t.co/9aCUyh1LVU,141,0,,,
steve_hanke,1264584441101418498,2020-05-24 15:50:00,"The @WHO's ""investigation"" into the origins of #COVID19 will be a complete sham.

It's clear the #CCP has @DrTedros‚Ä¶ https://t.co/a63OE4CamQ",26,38,,,
steve_hanke,1264575633000185856,2020-05-24 15:15:00,Deadbeat #Argentina has done it again. @alferdez &amp; the Argentine govt defaulted on sovereign #Debt for the third ti‚Ä¶ https://t.co/7xMbYbqBu9,12,18,,,
steve_hanke,1264560533476462593,2020-05-24 14:15:00,"Some ‚Äúexperts"" still believe that the econ recovery will be fast &amp;  V-shaped. Those experts must be dreaming. The A‚Ä¶ https://t.co/b82uCBClUn",10,34,,,
steve_hanke,1264545433923342336,2020-05-24 13:15:00,"Schools in the #US &amp; #UK remain shut, yet #Sweden, #France, and even #China already have students back in the class‚Ä¶ https://t.co/B9NEIJntwT",12,44,,,
steve_hanke,1264530334420316164,2020-05-24 12:15:00,"The #CCP wants my friend #JimmyLai thrown in prison. But, that's not enough for the #Commies in #Beijing. They want‚Ä¶ https://t.co/mANhV3DAHy",20,29,,,
steve_hanke,1264519010164621315,2020-05-24 11:30:00,"""Only government can take perfectly good paper, cover it with perfectly good ink and make the combination worthless‚Ä¶ https://t.co/74kQSjiuAG",66,253,,,
steve_hanke,1264311643518824448,2020-05-23 21:46:00,"""Those who would give up essential liberty to purchase a little temporary safety,
deserve neither liberty nor safet‚Ä¶ https://t.co/EQIRwl4LFe",136,471,,,
steve_hanke,1264305666337861632,2020-05-23 21:22:15,"Despite evidence of #China‚Äôs mishandling of the #CoronaOutbreak, #Tedros claims that China is ""setting a new standa‚Ä¶ https://t.co/DJed4Rw5eq",22,52,,,
steve_hanke,1264300068519022592,2020-05-23 21:00:00,"#Taiwan, #HongKong, and #Singapore are far &amp; away the best at minimizing #COVID19 deaths.

Their common denominator‚Ä¶ https://t.co/RUhPawijPV",22,48,,,
steve_hanke,1264288742644215808,2020-05-23 20:15:00,#Sweden's constitution prohibits political meddling in public agencies. This has allowed Sweden's experts to adopt‚Ä¶ https://t.co/TL5MyfQowX,32,55,,,
BarnettforAZ,1264396003307687937,2020-05-24 03:21:13,RT @realDonaldTrump: I HOPE ALL AFRICAN AMERICANS WILL READ AND STUDY THIS. 100% CORRECT. SLEEPY JOE WILL NEVER GET YOU THERE. HE NEVER HAS‚Ä¶,21547,0,,,
BarnettforAZ,1264306651709890560,2020-05-23 21:26:10,"RT @RepDLesko: I am proud to co-sponsor @RepChipRoy's bill, H.R.6690, to help bring companies and cutting-edge innovation back to the Unite‚Ä¶",1798,0,,,
BarnettforAZ,1264292798729031680,2020-05-23 20:31:07,Real numbers. Real data. #coronavirus #chinavirus #firefauci #OpenUpAmerica fully https://t.co/nImWdAcX6U,20,21,,,
BarnettforAZ,1264268806441988097,2020-05-23 18:55:47,RT @RealCandaceO: Wow! Look at these numbers! Can‚Äôt wait to hear Dr. Fauci and the CDC explain why it is that #coronavirus preferred to str‚Ä¶,15270,0,,,
Sanjay_Dixit,1264583264393547782,2020-05-24 15:45:19,"RT @abdullah_0mar: Nandkishore Gurjar, an MLA from Uttar Pradesh's Loni has filed against #PatalLok for using his pic Without his permissio‚Ä¶",36,0,,,
Sanjay_Dixit,1264583127302672393,2020-05-24 15:44:47,"RT @jcrabtree: ‚≠êÔ∏èüáÆüá≥ IMPORTANT Q. üáÆüá≥‚≠êÔ∏è

Would you like üáÆüá≥ India to drop broken üá¨üáß British maths &amp; teach the SUPERIOR maths of ƒÄryabha·π≠·π≠a, Bh‚Ä¶",106,0,,,
Sanjay_Dixit,1264580195937161216,2020-05-24 15:33:08,"RT @JAVED0909: (1/5) ""Accelerated Folly sold as Accelerated Recruitment?"" Dear @PMOIndia @ Sh @narendramodi u r led up the garden path on J‚Ä¶",18,0,,,
Sanjay_Dixit,1264550319125495809,2020-05-24 13:34:24,Today is the 361st anniversary of the balidan of the Keshav Rai Temple at Mathura by that scoundrel bigot Aurangzeb‚Ä¶ https://t.co/udXVqwB3Sy,309,612,,,
Sanjay_Dixit,1264538127185530880,2020-05-24 12:45:58,RT @dinesh2sinha: @Sanjay_Dixit When did he join RSS‚Äîwill be the next headline in hardwired press,1,0,,,
Sanjay_Dixit,1264536152553349121,2020-05-24 12:38:07,"‚ÄúEverything, yes, everything without exception has its origin in India. If one considers the superior conception wh‚Ä¶ https://t.co/T4RiPb2la9",50,126,,,
Sanjay_Dixit,1264532866920091649,2020-05-24 12:25:04,RT @VadiVasanthi: @rupahasit @Swamijitweets @Sanjay_Dixit @ARanganathan72 @prafullaketkar @swati_gs No Rupa we cannot loose it. Sanatana Dh‚Ä¶,3,0,,,
Sanjay_Dixit,1264531655538044928,2020-05-24 12:20:15,"""It was from their ancient writings that Indians derived the most liberal sentiments which they entertain at presen‚Ä¶ https://t.co/NeOVp79ENP",31,87,,,
Sanjay_Dixit,1264530111677657088,2020-05-24 12:14:07,"RT @RealBharatvarsh: @Sanjay_Dixit They cry for diversity 
But hate polytheism 

Hypocrisy of west",13,0,,,
Sanjay_Dixit,1264529324117377024,2020-05-24 12:10:59,"‚ÄúBrahmins, contrary to the ideas formed of them in the west, invariably believe in the unity, eternity, omniscience‚Ä¶ https://t.co/ebcDZwlCXx",130,429,,,
brianlilley,1264566580370907136,2020-05-24 14:39:01,"Ontario reported 460 news cases of COVID-19 on Sunday morning on just over 11,000 tests. More importantly, no numbe‚Ä¶ https://t.co/73ZMC2qrg9",9,31,,,
brianlilley,1264557048701882368,2020-05-24 14:01:09,RT @TheTorontoSun: #tosunfront The packed scene from Trinity Bellwood‚Äòs park #COVIDIOTS @brianlilley https://t.co/SKtCVaRlhz https://t.co/u‚Ä¶,65,0,,,
josh_hammer,1264577137127968774,2020-05-24 15:20:58,"RT @RandyEBarnett: Read the whole thing. ‚ÄúGo to a racetrack. Bet on the worst horse, the one that can hardly stand upright, and you‚Äôll have‚Ä¶",8,0,,,
josh_hammer,1264575693255573504,2020-05-24 15:15:14,"RT @Newsweek: On Memorial Day, remember why Americans made the ultimate sacrifice | Opinion https://t.co/nRhMNnc9vp",19,0,,,
josh_hammer,1264575472672923650,2020-05-24 15:14:22,"RT @pairagraph: Pairagraph brings notable individuals into conversation about great events &amp; great ideas.

Our authors: Shiller, Malkiel, D‚Ä¶",2,0,,,
josh_hammer,1264573502549569538,2020-05-24 15:06:32,"RT @mdubowitz: On this Memorial weekend, we remember those heroes who have made the ultimate sacrifice for our freedoms. May their memories‚Ä¶",13,0,,,
josh_hammer,1264573466344382464,2020-05-24 15:06:23,"""Sovereignty isn‚Äôt going to change everything. But it allows Israel to begin restoring normalcy. It‚Äôs either that o‚Ä¶ https://t.co/KN6UW9s4rk",7,17,,,
josh_hammer,1264558452208214016,2020-05-24 14:06:44,"At @Newsweek today, former Judge Michael McConnell and @maxraskin show us what Alexander Hamilton can teach us abou‚Ä¶ https://t.co/2r1uRytlZA",5,9,,,
josh_hammer,1264557825747030017,2020-05-24 14:04:14,"The IAEA Must Report Its Latest Findings on Iran's Nuclear Weapons Program, Jacob Nagel and @StrickerNonpro argue t‚Ä¶ https://t.co/7gqLHxxeu0",3,6,,,
josh_hammer,1264554614504009728,2020-05-24 13:51:29,"RT @yhazony: Whoah. If US foreign policy in the Mideast since 1990 has been ‚Äúsuccessful,‚Äù I wonder what a disaster would look like?",143,0,,,
josh_hammer,1264553654847188996,2020-05-24 13:47:40,RT @jeffroe: This is a pic of you jogging yesterday. No mask. Maybe sit this one out. https://t.co/KjRxVBw0hk,198,0,,,
josh_hammer,1264392063216504832,2020-05-24 03:05:33,"RT @jasonrantz: Washington counts gun shot victims as coronavirus deaths. This method of counting coronavirus deaths, which could pad numbe‚Ä¶",637,0,,,
PeteHegseth,1264571668116185095,2020-05-24 14:59:14,"Amazing show, and movement, by my good friend (Green Beret Scott Man (@RooftopLeader).

Worth your 4 minutes, and c‚Ä¶ https://t.co/WGHLPFh4Is",23,76,,,
PeteHegseth,1264565540615598083,2020-05-24 14:34:54,RT @GarrettSoldano: This is what it is about. Jimmy‚Äôs Roadhouse opened up yesterday and is already up 200% than what he was last year and h‚Ä¶,124,0,,,
PeteHegseth,1264557780037447681,2020-05-24 14:04:03,"Thank you! Indeed, May God bless America... https://t.co/0Kl1NxXMzd",47,249,,,
PeteHegseth,1264547059216113664,2020-05-24 13:21:27,"RT @KLF: In a must watch Fox &amp; Friends clip from this AM, @PeteHegseth breaks down Biden's inconsistent-with-reality history with Black Ame‚Ä¶",110,0,,,
PeteHegseth,1264546709541183489,2020-05-24 13:20:04,Thanks John! https://t.co/IcZ69B43AB,28,178,,,
PeteHegseth,1264546586006347777,2020-05-24 13:19:34,I‚Äôm in the studio. https://t.co/pRWJV6gSZ6,262,2474,,,
PeteHegseth,1264539418112688130,2020-05-24 12:51:05,RT @KMCRadio: #ICYMI: What ‚ÄúIsms‚Äù are so dominant that America is eroding because of them? How do those who genuinely love her save her fro‚Ä¶,32,0,,,
PeteHegseth,1264519511337766919,2020-05-24 11:31:59,"RT @RepMichaelWaltz: LIVE TV ALERT üö®

Coming up at 8:15 AM with @PeteHegseth on @foxandfriends to talk about attending next week's @SpaceX‚Ä¶",49,0,,,
PeteHegseth,1264470757863718913,2020-05-24 08:18:16,RT @IncognitoMeems: @GregGutfeldShow @PeteHegseth @theloftusparty @KatTimpf @PlanetTyrus @FoxNews Best line tonight goes to @PlanetTyrus :‚Ä¶,67,0,,,
PeteHegseth,1264346956459106304,2020-05-24 00:06:19,"RT @GregGutfeldShow: If tats were bats he could have his own wet market. @ffweekend co-host, @PeteHegseth joins #Gutfeld tonight!",98,0,,,
HeyTammyBruce,1264574317528076288,2020-05-24 15:09:46,ü§¶üèª‚Äç‚ôÄÔ∏è https://t.co/ImTembzSnt,182,551,,,
HeyTammyBruce,1264574049138720770,2020-05-24 15:08:42,RT @Michele_Tafoya: Just read this from Charles Krauthammer.  Timely. https://t.co/yJ91nXRHAy,38,0,,,
HeyTammyBruce,1264567932648030210,2020-05-24 14:44:24,"RT @HeyTammyBruce: Really, @axios, is context such a harsh mistress? ‚ÄúNC tops 1,000 new coronavirus cases for first time, as testing soars.‚Ä¶",137,0,,,
HeyTammyBruce,1264567912871985152,2020-05-24 14:44:19,RT @HeyTammyBruce: ‚ÄúRocks.‚Äù ü§¶üèª‚Äç‚ôÄÔ∏è,101,0,,,
HeyTammyBruce,1264567166701113346,2020-05-24 14:41:21,"RT @EliseStefanik: Sunday Editorial in @syracusedotcom 

‚ÄúCuomo continues to deflect responsibility and shift the blame. Whenever he is que‚Ä¶",207,0,,,
HeyTammyBruce,1264567020969963522,2020-05-24 14:40:46,RT @BirdCentralPark: Scarlet Tanager showing off his red this morning over the Balancing Rock in the Central Park Ramble. https://t.co/I9xw‚Ä¶,16,0,,,
HeyTammyBruce,1264565390983790593,2020-05-24 14:34:18,‚ÄúIt‚Äôs difficult to tell if we‚Äôll have to kill the patient again.‚Äù https://t.co/JlL13lNmDw,159,492,,,
HeyTammyBruce,1264563806304440327,2020-05-24 14:28:00,"RT @ksorbs: This should be on a giant billboard in every city in the US. 
""America does not need to see the tax return of a billionaire who‚Ä¶",5410,0,,,
HeyTammyBruce,1264562938817531904,2020-05-24 14:24:33,California doctors say they've seen more deaths from suicide than coronavirus since lockdowns https://t.co/1hvyiMr3Ff,459,907,,,
HeyTammyBruce,1264539436659941377,2020-05-24 12:51:10,"RT @AmberSmithUSA: Reminder that while we‚Äôre dealing w/ everything Coronavirus here at home, the US military is dealing w/the same thing bu‚Ä¶",94,0,,,
YusufDFI,1264568715992903681,2020-05-24 14:47:31,Gen Hooda: China‚Äôs behaviour at LAC carries enormous dangers.Attempts to put military pressure on India have rarely‚Ä¶ https://t.co/hQyfHVkegX,25,66,,,
YusufDFI,1264565677995593729,2020-05-24 14:35:26,"China‚Äôs diplomacy like ramming boats in the seas, ramming vehicles over land, intruding in neighbouring countries. https://t.co/6iAr9lcZT3",29,132,,,
YusufDFI,1264560072664903681,2020-05-24 14:13:10,RT @YusufDFI: ‚ÄúInnovated‚Äù to send video greetings to family &amp; friends yesterday as the customary visiting each other‚Äôs houses is not happen‚Ä¶,4,0,,,
YusufDFI,1264559315521699840,2020-05-24 14:10:09,So this didn‚Äôt happen. No question or statement on the situation in Ladakh. https://t.co/kNOwyPG4DQ,5,34,,,
YusufDFI,1264555320015089664,2020-05-24 13:54:17,https://t.co/yxbOtEyz3l https://t.co/wDmZTDlPI8,10,80,,,
YusufDFI,1264540829600763916,2020-05-24 12:56:42,As a businessman i would inform about bidding about a project to shareholders &amp; take them in confidence about the p‚Ä¶ https://t.co/ZyCx9ABepM,1,15,,,
YusufDFI,1264520619988639744,2020-05-24 11:36:24,RT @YusufDFI: Does it give any comfort if you deny there are 5000 Chinese troops and say not it‚Äôs not 5000 but about 3000 or 2000 or 1000 i‚Ä¶,26,0,,,
KanchanGupta,1264581664249745409,2020-05-24 15:38:58,RT @myogiadityanath: ‡§Æ‡•á‡§π‡§®‡§§ ‡§ï‡§∞ ‡§Ö‡§™‡§®‡•Ä ‡§ú‡•Ä‡§µ‡§ø‡§ï‡§æ ‡§ö‡§≤‡§æ‡§®‡•á ‡§µ‡§æ‡§≤‡•á 23 ‡§≤‡§æ‡§ñ ‡§∂‡•ç‡§∞‡§Æ‡§ø‡§ï ‡§¨‡§π‡§®‡•ã‡§Ç- ‡§≠‡§æ‡§á‡§Ø‡•ã‡§Ç ‡§î‡§∞ ‡§â‡§®‡§ï‡•á ‡§™‡§∞‡§ø‡§ú‡§®‡•ã‡§Ç ‡§ï‡•ã ‡§Ö‡§¨ ‡§§‡§ï ‡§ò‡§∞ ‡§µ‡§æ‡§™‡§∏ ‡§≤‡§æ‡§Ø‡§æ ‡§ó‡§Ø‡§æ ‡§π‡•à‡•§ ‡§∏‡§≠‡•Ä ‡§ï‡§æ ‡§∏‡•ç‡§µ‡§æ‚Ä¶,2267,0,,,
KanchanGupta,1264463021134327814,2020-05-24 07:47:31,Excellent essay by @samirsaran on how the (biased) media in the #West has decided to pick up the the White man's bu‚Ä¶ https://t.co/1iDzd1yz5g,85,193,,,
KanchanGupta,1264455675796688897,2020-05-24 07:18:20,"RT @SwarajyaMag: ""The Radical Left is in total command &amp; control of Facebook, Instagram, Twitter and Google,"" he tweeted last week

https:/‚Ä¶",491,0,,,
KanchanGupta,1264453535510540289,2020-05-24 07:09:49,"RT @ShamikaRavi: #DailyUpdate #Covid19India 
Total cases continue to rise; growth rate of ACTIVE cases = 4.6% - so doubling in 15 days. htt‚Ä¶",297,0,,,
KanchanGupta,1264453487032664069,2020-05-24 07:09:38,"RT @c_aashish: UP fast-tracks expressway projects to create jobs for returning migrants

https://t.co/ECSBrwElDH",702,0,,,
KanchanGupta,1264377455185235968,2020-05-24 02:07:30,Basically certain State Governments do not want air and train services to resume. At the same time they have been b‚Ä¶ https://t.co/P6lfZMrKtR,170,463,,,
KanchanGupta,1264286684889284608,2020-05-23 20:06:49,"RT @TheEconomist: If global income per head falls by 20%, the number of extremely poor people could increase by 420m‚Äîas much as the entire‚Ä¶",113,0,,,
KanchanGupta,1264286039197118464,2020-05-23 20:04:15,RT @VikasSaraswat: As someone said this is a group of 500 highly networked individuals. The same names keep popping up in different combina‚Ä¶,311,0,,,
KanchanGupta,1264284575636746240,2020-05-23 19:58:26,"RT @oommen: By demanding relaxations on lockdown for Eid,  looks like the younger community leaders are hoping for a silent coup.",16,0,,,
KanchanGupta,1264236721773789184,2020-05-23 16:48:17,Delhi Government headed by @ArvindKejriwal issues ad which declares Indian State of #Sikkim a foreign country. LG s‚Ä¶ https://t.co/5JFTaCTgG6,159,391,,,
DVATW,1264543607912108053,2020-05-24 13:07:44,"Dear @BorisJohnson
Can you please promote Dominic Cummings further! I so enjoy watching him enrage the toxic British media.",142,583,,,
DVATW,1264542044829204481,2020-05-24 13:01:32,When the #ChineseVirus was at its peak. This was the scene in our biggest UK airport. https://t.co/drj9QrwD9i,40,69,,,
DVATW,1264539589487874048,2020-05-24 12:51:46,Birminghamistan https://t.co/xEWDSKv76Z,107,196,,,
DVATW,1264539225522929664,2020-05-24 12:50:20,They are our heroes... #keepclapping https://t.co/X1vIVzq8KK,27,39,,,
DVATW,1264538535899602945,2020-05-24 12:47:35,Omg. Biden is going ‚Äúto beat Joe Biden‚Äù! üòÇüòÇüòÇ https://t.co/8pzpTiBoU5,19,65,,,
DVATW,1264538329153974272,2020-05-24 12:46:46,Elderly white resident of nursing home gets abused by non white staff. https://t.co/TRyfsOhUcG,483,469,,,
DVATW,1264537755247423488,2020-05-24 12:44:29,Great sight. https://t.co/jh3KT1Fwdn,18,47,,,
DVATW,1264536176939147264,2020-05-24 12:38:13,Heads up @BBCBreaking ... üëáüèª https://t.co/Zn5idqImPq,31,34,,,
GeraldoRivera,1264581968110538753,2020-05-24 15:40:10,#EidMubarak brothers and sisters from me and my family to yours,2,16,,,
GeraldoRivera,1264256347002019840,2020-05-23 18:06:16,Just watched #SergeantYork with #GaryCooper tears flowed when he comes home with the Medal of Honor to marry Gracie‚Ä¶ https://t.co/CUmOMml92v,37,413,,,
GeraldoRivera,1264241784776986632,2020-05-23 17:08:24,"Regarding @GenFlynn &amp; all things #RussiaGate #CollusionHoax 
There will come a time when-despite their disdain for‚Ä¶ https://t.co/4pwghlC1uH",392,1736,,,
GeraldoRivera,1263903328414634002,2020-05-22 18:43:30,It would be good Kharma if we turned the Covid Catastrophe into something positive by recognizing and doing somethi‚Ä¶ https://t.co/mptEYV9W7n,14,69,,,
GeraldoRivera,1263814901035925504,2020-05-22 12:52:07,"Enemies of @realDonaldTrump, obsessed with blaming him, refuse to look at China's culpability in unleashing‚Ä¶ https://t.co/xGGLOQRMPf",402,1565,,,
GeraldoRivera,1263813113704374279,2020-05-22 12:45:01,Laughable hypocrisy for Democrats to complain that Republicans in Senate using majority to distract America. Dems &amp;‚Ä¶ https://t.co/QOsDIGNeJt,347,1250,,,
GeraldoRivera,1263800259085549568,2020-05-22 11:53:56,Today we go from Islamist radical attacks on our military bases to Dem hypocrisy over Senate probe of Russiagate to‚Ä¶ https://t.co/jB5tOOXRC9,36,143,,,
GeraldoRivera,1263586230018555910,2020-05-21 21:43:28,Cable channels-not my own-spent much of their 5pm shows talking about @realDonaldTrump not wearing or at least remo‚Ä¶ https://t.co/PRPrscSHO1,167,750,,,
GeraldoRivera,1263453598563872768,2020-05-21 12:56:26,#PlandemicDebunked but why did so many believe it was all a greedy cabal‚Äôs doing? ‚Å¶@wtam1100‚Å© &amp; #Roadkill my podcast https://t.co/VL4296zd91,14,68,,,
GeraldoRivera,1263447823204442113,2020-05-21 12:33:29,Harsh reckoning coming regardless of how the virus escaped either #WuhanLab or #WuhanMarket. Harm done by China's c‚Ä¶ https://t.co/jao88LzusO,138,639,,,
rajeev_mp,1264583912803598336,2020-05-24 15:47:54,"RT @CestMoiz: #2dayIn1948
The first flight of six Dakotas was led by Air Cmdre Meher Singh, with Maj Gen Thimayya as a passenger - two high‚Ä¶",4,0,,,
rajeev_mp,1264568112592023552,2020-05-24 14:45:07,RT @kartikeya_1975: #JoshuaWong Speaks to @WIONews From HK https://t.co/W901VvAc5k,16,0,,,
rajeev_mp,1264566745005649920,2020-05-24 14:39:41,"RT @FlagsOfHonour: #OnThisDay -24 May in 2013 #braveheart Lance Naik Naresh Kumar, 3 GRENADIERS, made the supreme sacrifice in the line of‚Ä¶",17,0,,,
rajeev_mp,1264544131981799425,2020-05-24 13:09:49,"RT @SagrikaKissu: Special Eid Mubarak message by Kashmiri Pandits. Lets spread peace and harmony. 
@OmarAbdullah @MehboobaMufti @SAAQQIIB @‚Ä¶",690,0,,,
rajeev_mp,1264543698584395778,2020-05-24 13:08:06,"RT @NaveedIRS: Salute to the members of 'United Sikhs' who have been been sanitizing Masjids, Churches and Temples since the past 50-60 day‚Ä¶",10,0,,,
rajeev_mp,1264537770980020224,2020-05-24 12:44:33,"RT @ANN_Newsable: #Bengaluru ambulance drivers appreciated with #Nagaland scarf for their dedicated service

#lockdown #coronavirus #COVID1‚Ä¶",6,0,,,
rajeev_mp,1264536822043967495,2020-05-24 12:40:46,"China‚Äôs #CCP and its #Hubris üëáüèªüòÇ

https://t.co/brCoiGblrs",27,121,,,
rajeev_mp,1264532379768512512,2020-05-24 12:23:07,"RT @FlagsOfHonour: #Remembering #Braveheart  Major Sudhir Kumar Walia, #AshokaChakra (P), #SenaMedal** 9 PARA (SF) on his #BirthAnniversary‚Ä¶",23,0,,,
rajeev_mp,1264530965298155528,2020-05-24 12:17:30,"This is classic #CCP .. making ‚Äúreunification‚Äù a Chinese people objective. üòÇ

That is a Marxian la-la land #CCP liv‚Ä¶ https://t.co/mIaMx4qufl",18,66,,,
rajeev_mp,1264529303594651648,2020-05-24 12:10:54,RT @Vedmalik1: Remembering Sudhir. With me. https://t.co/C8TXLiKgzz,213,0,,,
